[
  {
    "from": "address - 1",
    "to": "address - 4",
    "login": "login-2"
  },
  {
    "from": "address - 1",
    "to": "address - 4",
    "login": "login-3"
  },
  {
    "from": "address - 2",
    "to": "address - 4",
    "login": "login-3"
  },
  {
    "from": "address - 3",
    "to": "address - 4",
    "login": "login-3"
  },
  {
    "from": "address - 4",
    "to": "address - 4",
    "login": "login-3"
  },
  {
    "from": "address - 6",
    "to": "address - 7",
    "login": "login-3"
  },
  {
    "from": "address - 7",
    "to": "address - 4",
    "login": "login-3"
  },
  {
    "from": "address - 9",
    "to": "address - 10",
    "login": "login-3"
  },
  {
    "from": "address - 10",
    "to": "address - 11",
    "login": "login-3"
  },
  {
    "from": "address - 111",
    "to": "address - 112",
    "login": "login-3",
    "price": 1
  },
  {
    "from": "address - 111",
    "to": "address - 112",
    "login": "login-3",
    "price": 59
  },
  {
    "from": "address - 1",
    "to": "address - 2",
    "login": "login-3",
    "price": 40
  },
  {
    "from": "address - 1",
    "to": "address - 2",
    "login": "login-3",
    "price": 95
  },
  {
    "from": "address - 1",
    "to": "address - 2",
    "login": "login-3",
    "price": 29
  },
  {
    "from": "address - 1",
    "to": "address - 2",
    "login": "login-3",
    "price": 36
  },
  {
    "from": "address - 1",
    "to": "address - 2",
    "login": "login-3",
    "price": 89
  },
  {
    "from": "address - 1",
    "to": "address - 2",
    "login": "login-3",
    "price": 61
  },
  {
    "from": "address - 1",
    "to": "address - 2",
    "login": "login-3"
  },
  {
    "from": "address - 1",
    "to": "address - 2",
    "login": "login-3",
    "price": 94
  }
]